447;org.oyunstudyosu.sanalika.panels.cellphone.apps.banlist.BanItem
441;org.oyunstudyosu.sanalika.panels.cellphone.apps.banlist.BanListApplication
440;org.oyunstudyosu.sanalika.panels.cellphone.apps.banlist.BanListView
434;org.oyunstudyosu.sanalika.panels.cellphone.CellPhonePanel
432;panel_fla.mcIndicator_37
413;org.oyunstudyosu.sanalika.panels.cellphone.icons.BanListIcon
405;org.oyunstudyosu.sanalika.panels.cellphone.icons.PrivateChatIcon
400;org.oyunstudyosu.sanalika.panels.cellphone.icons.QuestListIcon
395;org.oyunstudyosu.sanalika.panels.cellphone.icons.NewsListIcon
390;org.oyunstudyosu.sanalika.panels.cellphone.icons.FunwinIcon
385;org.oyunstudyosu.sanalika.panels.cellphone.icons.RunWinIcon
380;org.oyunstudyosu.sanalika.panels.cellphone.icons.SnowballIcon
375;org.oyunstudyosu.sanalika.panels.cellphone.icons.SupportIcon
370;org.oyunstudyosu.sanalika.panels.cellphone.icons.FunbidIcon
365;org.oyunstudyosu.sanalika.panels.cellphone.apps.funbid.FunbidApplication
364;org.oyunstudyosu.sanalika.panels.cellphone.apps.funbid.FunbidView
358;org.oyunstudyosu.sanalika.panels.cellphone.apps.funbid.Message
353;org.oyunstudyosu.sanalika.panels.cellphone.apps.funbid.Bid
352;org.oyunstudyosu.sanalika.buttons.newButtons.RedButton
346;org.oyunstudyosu.sanalika.panels.cellphone.apps.funbid.Flake
321;org.oyunstudyosu.sanalika.panels.cellphone.apps.funbid.WelcomeView
318;org.oyunstudyosu.sanalika.panels.cellphone.apps.funwin.FunwinAnswer
310;org.oyunstudyosu.sanalika.panels.cellphone.apps.funwin.FunwinApplication
309;org.oyunstudyosu.sanalika.panels.cellphone.apps.funwin.FunwinItem
304;org.oyunstudyosu.sanalika.panels.cellphone.apps.funwin.FunwinTopListItem
297;org.oyunstudyosu.sanalika.panels.cellphone.apps.funwin.FunwinTopListView
293;org.oyunstudyosu.sanalika.panels.cellphone.apps.funwin.FunwinView
280;org.oyunstudyosu.sanalika.panels.cellphone.apps.funwin.Flake
225;org.oyunstudyosu.sanalika.panels.cellphone.apps.funwin.WelcomeView
222;org.oyunstudyosu.sanalika.panels.cellphone.apps.funbid.Product
210;org.oyunstudyosu.sanalika.panels.cellphone.apps.newslist.NewsItem
209;panel_fla.newsStatus_81
203;org.oyunstudyosu.sanalika.panels.cellphone.apps.newslist.NewsListApplication
202;org.oyunstudyosu.sanalika.panels.cellphone.apps.newslist.NewsListView
194;org.oyunstudyosu.sanalika.panels.cellphone.apps.support.SupportNew
189;org.oyunstudyosu.sanalika.panels.cellphone.apps.questlist.QuestListApplication
188;org.oyunstudyosu.sanalika.panels.cellphone.apps.questlist.QuestItem
187;panel_fla.statusIcon_93
177;org.oyunstudyosu.sanalika.panels.cellphone.apps.questlist.QuestListView
172;org.oyunstudyosu.sanalika.panels.quest.BadgeGift
169;org.oyunstudyosu.sanalika.panels.quest.ItemGift
166;org.oyunstudyosu.sanalika.panels.quest.DiamondGift
153;org.oyunstudyosu.sanalika.panels.quest.SanilGift
150;org.oyunstudyosu.sanalika.panels.cellphone.apps.runwin.RunWinApplication
144;org.oyunstudyosu.sanalika.panels.cellphone.apps.runwin.RunWinView
143;org.oyunstudyosu.sanalika.buttons.newButtons.BlueButton
131;org.oyunstudyosu.sanalika.panels.cellphone.apps.runwin.TeamItem
129;org.oyunstudyosu.sanalika.panels.cellphone.apps.snowball.TeamItem
127;org.oyunstudyosu.sanalika.panels.cellphone.apps.privatechat.BuddyHeader
124;org.oyunstudyosu.sanalika.panels.cellphone.apps.privatechat.BuddyView
119;org.oyunstudyosu.sanalika.panels.cellphone.apps.privatechat.bubble.ChatBubble
116;panel_fla.ChatBubbleBg_114
113;panel_fla.arrow_113
110;org.oyunstudyosu.sanalika.panels.cellphone.apps.privatechat.GroupChatDetailView
97;org.oyunstudyosu.sanalika.panels.cellphone.apps.privatechat.GroupListItem
86;org.oyunstudyosu.sanalika.panels.cellphone.apps.privatechat.ListView
76;org.oyunstudyosu.sanalika.panels.cellphone.apps.privatechat.PrivateChatApplication
74;org.oyunstudyosu.sanalika.panels.cellphone.apps.privatechat.WelcomeView
67;org.oyunstudyosu.sanalika.panels.cellphone.DefaultChatBubble
65;panel_fla.default_bubble_bg_134
63;org.oyunstudyosu.sanalika.panels.cellphone.apps.snowball.SnowballApplication
62;org.oyunstudyosu.sanalika.panels.cellphone.apps.snowball.SnowballView
40;org.oyunstudyosu.sanalika.panels.cellphone.apps.support.SupportApplication
39;org.oyunstudyosu.sanalika.panels.cellphone.apps.support.SupportItem
31;org.oyunstudyosu.sanalika.panels.cellphone.apps.support.SupportView
16;org.oyunstudyosu.sanalika.panels.cellphone.apps.support.SupportMessage
14;panel_fla.supportMessageBg_148
11;org.oyunstudyosu.sanalika.panels.cellphone.apps.teleport.TeleportApplication
8;org.oyunstudyosu.sanalika.panels.cellphone.apps.funwin.WinnerAvatar
